{
  "base_files_url": "https://mirror1.undefinedproxy.com/MiSTer-LLAPI/LLAPI_folder_MiSTer/00477b16ece246282c6f3b2177f4ca6a3c9c3104/",
  "db_files": [
    "llapidb.json.zip"
  ],
  "db_id": "llapi_folder",
  "db_url": "https://mirror1.undefinedproxy.com/MiSTer-LLAPI/LLAPI_folder_MiSTer/main/llapidb.json.zip",
  "default_options": {},
  "files": {
    "_LLAPI/Atari7800_LLAPI_20250209.rbf": {
      "hash": "9904e0ece5aea1b6362f3a3f924ca4ac",
      "size": 3683332,
      "tags": [
        16,
        26,
        27
      ]
    },
    "_LLAPI/AtariLynx_LLAPI_20250215.rbf": {
      "hash": "b44b2adeca3500fac680995ca46f9177",
      "size": 3128248,
      "tags": [
        16,
        26,
        28
      ]
    },
    "_LLAPI/ColecoVision_LLAPI_20250214.rbf": {
      "hash": "3441037fe08993e8efc4bd974cb0e430",
      "size": 2797200,
      "tags": [
        16,
        26,
        29
      ]
    },
    "_LLAPI/GBA_LLAPI_20251205.rbf": {
      "hash": "70e21eb040cf66978a89e7a072fe9bab",
      "size": 4318308,
      "tags": [
        16,
        26,
        40
      ]
    },
    "_LLAPI/GBA_accuracy_LLAPI_20251205.rbf": {
      "hash": "301e5d1de0134494909302fd5ce109eb",
      "size": 4121420,
      "tags": [
        16,
        26,
        39
      ]
    },
    "_LLAPI/Gameboy_LLAPI_20251204.rbf": {
      "hash": "f3f2dd260395aa3721c373caf8b5814a",
      "size": 3853916,
      "tags": [
        16,
        26,
        38
      ]
    },
    "_LLAPI/MegaCD_LLAPI_20251205.rbf": {
      "hash": "04e8f5e54f710e4ee4440a185bdb7391",
      "size": 4206168,
      "tags": [
        16,
        26,
        41
      ]
    },
    "_LLAPI/MegaDrive_LLAPI_20250711.rbf": {
      "hash": "9630917b625358b482715f3600eb2902",
      "size": 4305816,
      "tags": [
        16,
        26,
        42
      ]
    },
    "_LLAPI/N64_80MHz_LLAPI_20251207.rbf": {
      "hash": "d7da472d69328582ad5f6721d7183553",
      "size": 3875408,
      "tags": [
        16,
        26,
        43
      ]
    },
    "_LLAPI/N64_LLAPI_20251207.rbf": {
      "hash": "57034eb4cb107d07b2b8cfdd1c834082",
      "size": 3904164,
      "tags": [
        16,
        26,
        44
      ]
    },
    "_LLAPI/NES_LLAPI_20251206.rbf": {
      "hash": "f799bd38a81ca01a651a1706a27118bb",
      "size": 3307332,
      "tags": [
        16,
        26,
        46
      ]
    },
    "_LLAPI/NeoGeo_LLAPI_20251206.rbf": {
      "hash": "7d997a99586ff5f475157ff903a69621",
      "size": 3733296,
      "tags": [
        16,
        26,
        45
      ]
    },
    "_LLAPI/PSX_LLAPI_20251206.rbf": {
      "hash": "868e913e9bfc0ecce19ad128307f6899",
      "size": 4347800,
      "tags": [
        16,
        26,
        47
      ]
    },
    "_LLAPI/S32X_LLAPI_20251206.rbf": {
      "hash": "31a774d309a38ddba4c78896461e47ae",
      "size": 4259248,
      "tags": [
        16,
        26,
        48
      ]
    },
    "_LLAPI/SGB_LLAPI_20250209.rbf": {
      "hash": "4d5cd454e502ce87ac8a7c8a76ff5c9f",
      "size": 4164360,
      "tags": [
        16,
        26,
        50
      ]
    },
    "_LLAPI/SMS_LLAPI_20250215.rbf": {
      "hash": "222fee316113d919888469b1c2e3ebc9",
      "size": 3291564,
      "tags": [
        16,
        26,
        51
      ]
    },
    "_LLAPI/SNES_LLAPI_20251204.rbf": {
      "hash": "76a15e41637600e1e846359ddadb251f",
      "size": 4449424,
      "tags": [
        16,
        26,
        52
      ]
    },
    "_LLAPI/Saturn_LLAPI_20251209.rbf": {
      "hash": "8fa248cbd3949dfc89b6e34e35080bc1",
      "size": 4638444,
      "tags": [
        16,
        26,
        49
      ]
    },
    "_LLAPI/TurboGrafx16_LLAPI_20251204.rbf": {
      "hash": "877f82f44ca2dfb5a728f310072d3e66",
      "size": 4232180,
      "tags": [
        16,
        26,
        53
      ]
    },
    "_LLAPI/_Arcade/4D Warriors (315-5162).mra": {
      "hash": "f3aa3fe68cb0cff7fcb73764f7f951b2",
      "size": 3167,
      "tags": [
        16,
        17,
        18
      ]
    },
    "_LLAPI/_Arcade/Air Duel (World, M72 hardware).mra": {
      "hash": "6db3376e5a00f070ef70a4d7d3cfc796",
      "size": 3144,
      "tags": [
        16,
        17,
        19
      ]
    },
    "_LLAPI/_Arcade/Ali Baba and 40 Thieves.mra": {
      "hash": "a491a580ff843ecaefa130d45e164f5e",
      "size": 2483,
      "tags": [
        16,
        17,
        20
      ]
    },
    "_LLAPI/_Arcade/Birdiy.mra": {
      "hash": "c28a578085c7315bc796af70669b8e6f",
      "size": 1956,
      "tags": [
        16,
        17,
        20
      ]
    },
    "_LLAPI/_Arcade/Blade Master (World).mra": {
      "hash": "4c8c33416bcd848daf9f85c7e2449678",
      "size": 6757,
      "tags": [
        16,
        17,
        21
      ]
    },
    "_LLAPI/_Arcade/Block Gal.mra": {
      "hash": "9fcdfefb8eed826e2175f2382565f340",
      "size": 199102,
      "tags": [
        16,
        17,
        18
      ]
    },
    "_LLAPI/_Arcade/Bull Fight (315-5056).mra": {
      "hash": "16a99d6a22186bb625bd0defc24d41dc",
      "size": 2827,
      "tags": [
        16,
        17,
        18
      ]
    },
    "_LLAPI/_Arcade/Crush Roller (Set 2).mra": {
      "hash": "37046f5aa03bd1867d3f8edb8a7e4e2f",
      "size": 2771,
      "tags": [
        16,
        17,
        20
      ]
    },
    "_LLAPI/_Arcade/Donkey Kong (US, Set 1).mra": {
      "hash": "cd0bfd38d9aacb9910ee6aaa07a24598",
      "size": 87584,
      "tags": [
        16,
        17,
        22
      ]
    },
    "_LLAPI/_Arcade/Dragon Breed (Japan, M72 hardware).mra": {
      "hash": "b13688329114e5526f86c53ece4908cb",
      "size": 3576,
      "tags": [
        16,
        17,
        19
      ]
    },
    "_LLAPI/_Arcade/Dream Shopper.mra": {
      "hash": "c1751eee0bf421523b5f1fe9cd7f33a5",
      "size": 2421,
      "tags": [
        16,
        17,
        20
      ]
    },
    "_LLAPI/_Arcade/Eeek! (Pac-Man Conversion).mra": {
      "hash": "c33a28105ede518dc05cecc1a9899631",
      "size": 1917,
      "tags": [
        16,
        17,
        20
      ]
    },
    "_LLAPI/_Arcade/Eggor.mra": {
      "hash": "7c4393d524de449b4e4c254df5c52e2f",
      "size": 2806,
      "tags": [
        16,
        17,
        20
      ]
    },
    "_LLAPI/_Arcade/Eyes (US, Set 1).mra": {
      "hash": "cbf71555cfe086c712709c1500367d5b",
      "size": 2168,
      "tags": [
        16,
        17,
        20
      ]
    },
    "_LLAPI/_Arcade/Flicky (128k Version, 315-5051).mra": {
      "hash": "860b0d195b88726c597abdc2db608876",
      "size": 2778,
      "tags": [
        16,
        17,
        18
      ]
    },
    "_LLAPI/_Arcade/Gallop - Armed Police Unit (Japan, M72 hardware).mra": {
      "hash": "c670d6282d918f53f6a2ed96c31c44d7",
      "size": 4155,
      "tags": [
        16,
        17,
        19
      ]
    },
    "_LLAPI/_Arcade/Gemini Wing.mra": {
      "hash": "194d7f1a970b3639d6c5a94af14cad14",
      "size": 2568,
      "tags": [
        16,
        17,
        23
      ]
    },
    "_LLAPI/_Arcade/Gun Force II (US).mra": {
      "hash": "7d492fb4333e0e6c9c9963bde318df01",
      "size": 4967,
      "tags": [
        16,
        17,
        21
      ]
    },
    "_LLAPI/_Arcade/Gunforce - Battle Fire Engulfed Terror Island (World).mra": {
      "hash": "2a306abd671c2e41d78bebff1fb2edc8",
      "size": 5150,
      "tags": [
        16,
        17,
        21
      ]
    },
    "_LLAPI/_Arcade/Hammerin' Harry (US, M84 hardware).mra": {
      "hash": "0b94a08e529ce536a719ad43b5bafaf8",
      "size": 3204,
      "tags": [
        16,
        17,
        19
      ]
    },
    "_LLAPI/_Arcade/Hook (World).mra": {
      "hash": "aeeb4e70d10bafa5c0af310876deb46c",
      "size": 6141,
      "tags": [
        16,
        17,
        21
      ]
    },
    "_LLAPI/_Arcade/Horizon (Irem).mra": {
      "hash": "9f57f15bc1642a0db7ad36859ef5a0ac",
      "size": 4869,
      "tags": [
        16,
        17,
        24
      ]
    },
    "_LLAPI/_Arcade/I'm Sorry (US, 315-5110).mra": {
      "hash": "2765fc291a1276e22667f03d9cacdded",
      "size": 2828,
      "tags": [
        16,
        17,
        18
      ]
    },
    "_LLAPI/_Arcade/Image Fight (World).mra": {
      "hash": "3a5890b1f7c8fcea9fce5ad5d8093434",
      "size": 3538,
      "tags": [
        16,
        17,
        19
      ]
    },
    "_LLAPI/_Arcade/In The Hunt (World).mra": {
      "hash": "afed3f9b2343633ad9348a9e47aa5047",
      "size": 7666,
      "tags": [
        16,
        17,
        21
      ]
    },
    "_LLAPI/_Arcade/Jump Shot.mra": {
      "hash": "33ff755705958fa75e8a99702d58e1fd",
      "size": 2136,
      "tags": [
        16,
        17,
        20
      ]
    },
    "_LLAPI/_Arcade/Kid Niki - Radical Ninja (W).mra": {
      "hash": "fd44c6d87b97161bcddde1d467b1e045",
      "size": 4229,
      "tags": [
        16,
        17,
        24
      ]
    },
    "_LLAPI/_Arcade/Kung-Fu Master (W).mra": {
      "hash": "d558de82bcfffbf1a10505c7c8d7702d",
      "size": 5990,
      "tags": [
        16,
        17,
        24
      ]
    },
    "_LLAPI/_Arcade/Legend of Hero Tonma (Japan).mra": {
      "hash": "447833b8031ffcb362c3ca17ea607d8c",
      "size": 3271,
      "tags": [
        16,
        17,
        19
      ]
    },
    "_LLAPI/_Arcade/Lethal Thunder (World).mra": {
      "hash": "9882b8faf1a3d300edd443e0438bc103",
      "size": 6061,
      "tags": [
        16,
        17,
        21
      ]
    },
    "_LLAPI/_Arcade/Lizard Wizard.mra": {
      "hash": "2826cfd009527b65418329ae3bca9eed",
      "size": 2281,
      "tags": [
        16,
        17,
        20
      ]
    },
    "_LLAPI/_Arcade/Lode Runner (Set 1).mra": {
      "hash": "c4af9a3acfc5b139bac9eaf9e1adcb72",
      "size": 6233,
      "tags": [
        16,
        17,
        24
      ]
    },
    "_LLAPI/_Arcade/Lode Runner II - The Bungeling Strikes Back.mra": {
      "hash": "26a2810865656452b7cc1cd3faab047a",
      "size": 6394,
      "tags": [
        16,
        17,
        24
      ]
    },
    "_LLAPI/_Arcade/Lode Runner III - The Golden Labyrinth.mra": {
      "hash": "803dcfbc1c841e23260889853606b012",
      "size": 4545,
      "tags": [
        16,
        17,
        24
      ]
    },
    "_LLAPI/_Arcade/Lode Runner IV - Teikoku Karano Dasshutsu (JP).mra": {
      "hash": "c84fec6ed40eb630a8b6f82d02881be6",
      "size": 4338,
      "tags": [
        16,
        17,
        24
      ]
    },
    "_LLAPI/_Arcade/Major Title 2 (World, set 1).mra": {
      "hash": "54cb615858bf9e068b2831dc4db91fb3",
      "size": 4393,
      "tags": [
        16,
        17,
        21
      ]
    },
    "_LLAPI/_Arcade/Mister Viking (315-5041).mra": {
      "hash": "3b09903a026920eaa439c8788cedf578",
      "size": 2975,
      "tags": [
        16,
        17,
        18
      ]
    },
    "_LLAPI/_Arcade/Mr. HELI no Daibouken (Japan).mra": {
      "hash": "da1ab963c33364694911bda20cf75ed6",
      "size": 3867,
      "tags": [
        16,
        17,
        19
      ]
    },
    "_LLAPI/_Arcade/Mr. TNT.mra": {
      "hash": "9371b6a136a57dbc8b969341707910f0",
      "size": 2275,
      "tags": [
        16,
        17,
        20
      ]
    },
    "_LLAPI/_Arcade/Ms. Pac-Man.mra": {
      "hash": "ab2f026396be85408f177759f36de59e",
      "size": 2305,
      "tags": [
        16,
        17,
        20
      ]
    },
    "_LLAPI/_Arcade/My Hero (US, not Encrypted).mra": {
      "hash": "0a28edbd776d315c1262af9b5b88ab0d",
      "size": 2887,
      "tags": [
        16,
        17,
        18
      ]
    },
    "_LLAPI/_Arcade/Mystic Riders (World).mra": {
      "hash": "b04dc0cd82613b4cc65fd5b5c51b0247",
      "size": 4647,
      "tags": [
        16,
        17,
        21
      ]
    },
    "_LLAPI/_Arcade/Ninja Baseball Bat Man (World).mra": {
      "hash": "39b535c4b9f3832786efb9ec07ab4183",
      "size": 6117,
      "tags": [
        16,
        17,
        21
      ]
    },
    "_LLAPI/_Arcade/Ninja Spirit (Japan).mra": {
      "hash": "eb1426b20cec74852af1c91373b6b7ed",
      "size": 3799,
      "tags": [
        16,
        17,
        19
      ]
    },
    "_LLAPI/_Arcade/Ninjakun.mra": {
      "hash": "7c6ccce731e2b6279ceef491d686475e",
      "size": 2820,
      "tags": [
        16,
        17,
        25
      ]
    },
    "_LLAPI/_Arcade/Nova 2001.mra": {
      "hash": "2253e1a4514a5cc92df0658231b41f10",
      "size": 2016,
      "tags": [
        16,
        17,
        25
      ]
    },
    "_LLAPI/_Arcade/Number Crash.mra": {
      "hash": "fd6ed3a9127b5aa45738ef7f8dbf4681",
      "size": 2423,
      "tags": [
        16,
        17,
        20
      ]
    },
    "_LLAPI/_Arcade/Pac-Man - Puck Man (JP, Set 1).mra": {
      "hash": "d5097d23c2c2dea9f5f7254407e82c9b",
      "size": 3091,
      "tags": [
        16,
        17,
        20
      ]
    },
    "_LLAPI/_Arcade/Pac-Man Club- Club Lambada (AR).mra": {
      "hash": "dee7c2b900beb2dfb3a284840c94231a",
      "size": 2237,
      "tags": [
        16,
        17,
        20
      ]
    },
    "_LLAPI/_Arcade/Pac-Man Plus.mra": {
      "hash": "57de3ddd181fd6388b525b1c0bf7ac6a",
      "size": 2227,
      "tags": [
        16,
        17,
        20
      ]
    },
    "_LLAPI/_Arcade/Pac-Manic Miner.mra": {
      "hash": "ee5a5e24d5500391081622c1f1f78a8f",
      "size": 154366,
      "tags": [
        16,
        17,
        20
      ]
    },
    "_LLAPI/_Arcade/Pitfall II.mra": {
      "hash": "53dcaa410a21a930beca5c487e8f9bc7",
      "size": 2950,
      "tags": [
        16,
        17,
        18
      ]
    },
    "_LLAPI/_Arcade/Ponpoko.mra": {
      "hash": "0f9e69f0ad704d13f60512b57a7f3d0c",
      "size": 2451,
      "tags": [
        16,
        17,
        20
      ]
    },
    "_LLAPI/_Arcade/R-Type (World).mra": {
      "hash": "1365dbf870188d9ea8ad593125f069fd",
      "size": 3510,
      "tags": [
        16,
        17,
        19
      ]
    },
    "_LLAPI/_Arcade/R-Type II (World).mra": {
      "hash": "69151a5be820cc3c5a6630d511ab8619",
      "size": 3088,
      "tags": [
        16,
        17,
        19
      ]
    },
    "_LLAPI/_Arcade/R-Type Leo (World).mra": {
      "hash": "ef9b632f177f70fb27063ca1d9f535c7",
      "size": 6350,
      "tags": [
        16,
        17,
        21
      ]
    },
    "_LLAPI/_Arcade/Radar Scope (rev. D).mra": {
      "hash": "0098ca477f15777365036f6c022653c4",
      "size": 2739,
      "tags": [
        16,
        17,
        22
      ]
    },
    "_LLAPI/_Arcade/Radar Scope.mra": {
      "hash": "b09d2526d9ca5852b318d331ded0ebf8",
      "size": 2752,
      "tags": [
        16,
        17,
        22
      ]
    },
    "_LLAPI/_Arcade/Rafflesia (315-5162).mra": {
      "hash": "d65e1f2ebe6189081b8209c28ed4a49d",
      "size": 3252,
      "tags": [
        16,
        17,
        18
      ]
    },
    "_LLAPI/_Arcade/Raiders5.mra": {
      "hash": "57777fb3b1918a91062894b26f869784",
      "size": 1930,
      "tags": [
        16,
        17,
        25
      ]
    },
    "_LLAPI/_Arcade/Regulus (315-5033, Rev A).mra": {
      "hash": "45b0ab36505df6f6a28a9503ebba8f05",
      "size": 3017,
      "tags": [
        16,
        17,
        18
      ]
    },
    "_LLAPI/_Arcade/Rygar.mra": {
      "hash": "fd34f05f4e451ac219f9096d4f23d2d1",
      "size": 2689,
      "tags": [
        16,
        17,
        23
      ]
    },
    "_LLAPI/_Arcade/Sega Ninja (315-5102).mra": {
      "hash": "775fc031a3582c44c13b634a54d649b2",
      "size": 2956,
      "tags": [
        16,
        17,
        18
      ]
    },
    "_LLAPI/_Arcade/Silkworm.mra": {
      "hash": "e609effb9006fb868b2b16133f3394f4",
      "size": 2542,
      "tags": [
        16,
        17,
        23
      ]
    },
    "_LLAPI/_Arcade/Spatter (315-5xxx).mra": {
      "hash": "6daa83a912da477a928a2d6cb4622ac8",
      "size": 2918,
      "tags": [
        16,
        17,
        18
      ]
    },
    "_LLAPI/_Arcade/Spelunker II - 23 no Kagi (JP).mra": {
      "hash": "e0c4bd97e6cddc2973be8d8328ef2c35",
      "size": 4203,
      "tags": [
        16,
        17,
        24
      ]
    },
    "_LLAPI/_Arcade/Spelunker.mra": {
      "hash": "02d484d8687c893c8fa072ddc84a3c3b",
      "size": 4612,
      "tags": [
        16,
        17,
        24
      ]
    },
    "_LLAPI/_Arcade/Star Jacker.mra": {
      "hash": "047a89a0f3c72358a4f785b65fe22124",
      "size": 3093,
      "tags": [
        16,
        17,
        18
      ]
    },
    "_LLAPI/_Arcade/Super Glob (Pac-Man, German) [bl].mra": {
      "hash": "ccf42dfbf2f8dcdcd4a43b43c2bc5457",
      "size": 1970,
      "tags": [
        16,
        17,
        20
      ]
    },
    "_LLAPI/_Arcade/Superior Soldiers (US).mra": {
      "hash": "f24eb79fa0612ed98efe5f949297f467",
      "size": 5938,
      "tags": [
        16,
        17,
        21
      ]
    },
    "_LLAPI/_Arcade/Swat (315-5048).mra": {
      "hash": "463cfa69c7001ac15db46d08aea06dce",
      "size": 2945,
      "tags": [
        16,
        17,
        18
      ]
    },
    "_LLAPI/_Arcade/TeddyBoy Blues (315-5115, New Ver).mra": {
      "hash": "9ecfd42a494d7cc989e585681220d7e1",
      "size": 2906,
      "tags": [
        16,
        17,
        18
      ]
    },
    "_LLAPI/_Arcade/The Battle-Road.mra": {
      "hash": "ed0693a3ae40dbdbe6babd38b1052403",
      "size": 6582,
      "tags": [
        16,
        17,
        24
      ]
    },
    "_LLAPI/_Arcade/Undercover Cops (World).mra": {
      "hash": "7f525e0d0fd75ccd1f0d46629952a67e",
      "size": 5453,
      "tags": [
        16,
        17,
        21
      ]
    },
    "_LLAPI/_Arcade/Up'n Down.mra": {
      "hash": "9af53712b09c4762886f91c82e7152b3",
      "size": 2887,
      "tags": [
        16,
        17,
        18
      ]
    },
    "_LLAPI/_Arcade/Van-Van Car.mra": {
      "hash": "a7e6d131d1ef4f7a8d51ef8517322f04",
      "size": 2472,
      "tags": [
        16,
        17,
        20
      ]
    },
    "_LLAPI/_Arcade/Water Match (315-5064).mra": {
      "hash": "bbe68ab882b7de67e853480bf62af15b",
      "size": 2824,
      "tags": [
        16,
        17,
        18
      ]
    },
    "_LLAPI/_Arcade/Wonder Boy (Set 1, 315-5177).mra": {
      "hash": "adf03bbb1bd7737f1b9b746e5a2818cf",
      "size": 3347,
      "tags": [
        16,
        17,
        18
      ]
    },
    "_LLAPI/_Arcade/Woodpecker (Set 1).mra": {
      "hash": "8e4cb4f56e9366f0d15181f94179aaf9",
      "size": 2443,
      "tags": [
        16,
        17,
        20
      ]
    },
    "_LLAPI/_Arcade/X Multiply (Japan, M72 hardware).mra": {
      "hash": "7bf3715e35c44bc983e1a7d09ce7a404",
      "size": 3751,
      "tags": [
        16,
        17,
        19
      ]
    },
    "_LLAPI/_Arcade/Youjyuden (JP).mra": {
      "hash": "2e738ae4d5c0dab213ee4fc072b8180a",
      "size": 4337,
      "tags": [
        16,
        17,
        24
      ]
    },
    "_LLAPI/cores/DonkeyKong_LLAPI_20241024.rbf": {
      "hash": "f2226e4530d1d09a47934e9ed764421d",
      "size": 3189572,
      "tags": [
        16,
        26,
        30
      ]
    },
    "_LLAPI/cores/IremM62_LLAPI_20240602.rbf": {
      "hash": "9a9a620622f8368b18df2c265912e862",
      "size": 3210684,
      "tags": [
        16,
        26,
        31
      ]
    },
    "_LLAPI/cores/IremM72_LLAPI_20240602.rbf": {
      "hash": "1d48818617cbe69f078c7167e7c6af44",
      "size": 3730084,
      "tags": [
        16,
        26,
        32
      ]
    },
    "_LLAPI/cores/IremM92_LLAPI_20250321.rbf": {
      "hash": "038fa011cc9ce849666191c0620c33f1",
      "size": 4265056,
      "tags": [
        16,
        26,
        33
      ]
    },
    "_LLAPI/cores/NinjaKun_LLAPI_20241018.rbf": {
      "hash": "ed6bb51156dcde992bda8ae0520b1b89",
      "size": 3539340,
      "tags": [
        16,
        26,
        34
      ]
    },
    "_LLAPI/cores/Pacman_LLAPI_20241024.rbf": {
      "hash": "29cc1e04b44afe8638c24beae98b8f13",
      "size": 2858564,
      "tags": [
        16,
        26,
        35
      ]
    },
    "_LLAPI/cores/SEGASYS1_LLAPI_20240609.rbf": {
      "hash": "f67cf3bfa938369bc793df6d5d297191",
      "size": 3470856,
      "tags": [
        16,
        26,
        36
      ]
    },
    "_LLAPI/cores/Tecmo_LLAPI_20251205.rbf": {
      "hash": "fd392fe8bd91dbb90f9965eef89bc089",
      "size": 3209152,
      "tags": [
        16,
        26,
        37
      ]
    }
  },
  "folders": {
    "_LLAPI": {
      "tags": [
        16
      ]
    },
    "_LLAPI/_Arcade": {
      "tags": [
        12,
        16
      ]
    },
    "_LLAPI/cores": {
      "tags": [
        16,
        26
      ]
    }
  },
  "latest_zip_url": "https://mirror1.undefinedproxy.com/MiSTer-LLAPI/LLAPI_folder_MiSTer/archive/refs/heads/main.zip",
  "tag_dictionary": {
    "arcade": 12,
    "arcadecores": 12,
    "arcadedonkeykong": 22,
    "arcadeiremm62": 24,
    "arcadeiremm72": 19,
    "arcadeiremm92": 21,
    "arcadeninjakun": 25,
    "arcadepacman": 20,
    "arcadesegasys1": 18,
    "arcadetecmo": 23,
    "atari7800llapi": 27,
    "atarilynxllapi": 28,
    "colecovisionllapi": 29,
    "cores": 26,
    "donkeykongllapi": 30,
    "gameboyllapi": 38,
    "gbaaccuracyllapi": 39,
    "gballapi": 40,
    "iremm62llapi": 31,
    "iremm72llapi": 32,
    "iremm92llapi": 33,
    "llapi": 16,
    "megacdllapi": 41,
    "megadrivellapi": 42,
    "mra": 17,
    "n6480mhzllapi": 43,
    "n64llapi": 44,
    "neogeollapi": 45,
    "nesllapi": 46,
    "ninjakunllapi": 34,
    "pacmanllapi": 35,
    "psxllapi": 47,
    "s32xllapi": 48,
    "saturnllapi": 49,
    "segasys1llapi": 36,
    "sgbllapi": 50,
    "smsllapi": 51,
    "snesllapi": 52,
    "tecmollapi": 37,
    "turbografx16llapi": 53
  },
  "timestamp": 1765288624,
  "zips": {}
}