{
  "base_files_url": "https://mirror1.undefinedproxy.com/Dinierto/MiSTer-GBA-Borders/03b5ec49bc8225a579d370ac7480747083e7f60f/",
  "db_id": "Dinierto/MiSTer-GBA-Borders",
  "db_url": "https://mirror1.undefinedproxy.com/Dinierto/MiSTer-GBA-Borders/db/db.json.zip",
  "files": {
    "|games/GBA/Borders/Community/Anime0t4ku Border Pack/Castlevania-CotM.bor": {
      "hash": "b4867569b74d6424f66e83fd3e98ecb2",
      "size": 307200,
      "tags": [
        10,
        22,
        23,
        24
      ]
    },
    "|games/GBA/Borders/Community/Anime0t4ku Border Pack/Castlevania-HoD.bor": {
      "hash": "054de4deb8a4958eff7cb68ec9592c9c",
      "size": 307200,
      "tags": [
        10,
        22,
        23,
        24
      ]
    },
    "|games/GBA/Borders/Community/Anime0t4ku Border Pack/DB-AdvancedAdventure.bor": {
      "hash": "2ae671f4fb13838af5662d5bb6a733ae",
      "size": 307200,
      "tags": [
        10,
        22,
        23,
        24
      ]
    },
    "|games/GBA/Borders/Community/Anime0t4ku Border Pack/GoldenSun.bor": {
      "hash": "fc087ca82957f40860b8eff7bde393a6",
      "size": 307200,
      "tags": [
        10,
        22,
        23,
        24
      ]
    },
    "|games/GBA/Borders/Community/Anime0t4ku Border Pack/GunstarSuperHeroes.bor": {
      "hash": "d806db58316a02d1c42250b7a0a3f6c8",
      "size": 307200,
      "tags": [
        10,
        22,
        23,
        24
      ]
    },
    "|games/GBA/Borders/Community/Anime0t4ku Border Pack/MetroidFusion-1.bor": {
      "hash": "de3743de755b456fe3d907b64a9e6ed2",
      "size": 307200,
      "tags": [
        10,
        22,
        23,
        24
      ]
    },
    "|games/GBA/Borders/Community/Anime0t4ku Border Pack/MetroidFusion-2.bor": {
      "hash": "579dd38640e404d24468fee727fe179c",
      "size": 307200,
      "tags": [
        10,
        22,
        23,
        24
      ]
    },
    "|games/GBA/Borders/Community/Anime0t4ku Border Pack/MetroidZeroMission.bor": {
      "hash": "3f4a8b8a7ec68da80920e059d1a5870d",
      "size": 307200,
      "tags": [
        10,
        22,
        23,
        24
      ]
    },
    "|games/GBA/Borders/Community/Anime0t4ku Border Pack/NinjaFive-O.bor": {
      "hash": "9656c43f84d70a04215d8e416be0e023",
      "size": 307200,
      "tags": [
        10,
        22,
        23,
        24
      ]
    },
    "|games/GBA/Borders/Community/Anime0t4ku Border Pack/PCN.bor": {
      "hash": "dac55bdb332f99fadc577aa11c1e8242",
      "size": 307200,
      "tags": [
        10,
        22,
        23,
        24
      ]
    },
    "|games/GBA/Borders/Community/Anime0t4ku Border Pack/Pokemon-FR-LG.bor": {
      "hash": "73f2a49282eb190f5d8bc87b6520bf29",
      "size": 307200,
      "tags": [
        10,
        22,
        23,
        24
      ]
    },
    "|games/GBA/Borders/Community/Anime0t4ku Border Pack/SuperMarioAdvance3.bor": {
      "hash": "06ca95e191c2928e9eff7a5feec740a4",
      "size": 307200,
      "tags": [
        10,
        22,
        23,
        24
      ]
    },
    "|games/GBA/Borders/Community/Anime0t4ku Border Pack/SuperStreetFighterIITurbo-Revival.bor": {
      "hash": "3a3c187dd869f246f07e8bdc65a488fb",
      "size": 307200,
      "tags": [
        10,
        22,
        23,
        24
      ]
    },
    "|games/GBA/Borders/Community/Anime0t4ku Border Pack/Zelda-MinishCap.bor": {
      "hash": "da0cae108da0193ea6c26b2d9d0cff3f",
      "size": 307200,
      "tags": [
        10,
        22,
        23,
        24
      ]
    },
    "|games/GBA/Borders/Community/GBA Micro/20th Anniversary 1.bor": {
      "hash": "2c2c38caf8b828c40cf2362324c7fcd9",
      "size": 307200,
      "tags": [
        10,
        22,
        23,
        24
      ]
    },
    "|games/GBA/Borders/Community/GBA Micro/20th Anniversary 2.bor": {
      "hash": "8d253b5ed461c96fb09acdd968ab2499",
      "size": 307200,
      "tags": [
        10,
        22,
        23,
        24
      ]
    },
    "|games/GBA/Borders/Community/GBA Micro/Black.bor": {
      "hash": "8abac502e70b423aeb45cd790c04a253",
      "size": 307200,
      "tags": [
        10,
        22,
        23,
        24
      ]
    },
    "|games/GBA/Borders/Community/GBA Micro/Blue.bor": {
      "hash": "d8afd853eb66cf2129ca66df38ca80ca",
      "size": 307200,
      "tags": [
        10,
        22,
        23,
        24
      ]
    },
    "|games/GBA/Borders/Community/GBA Micro/Green.bor": {
      "hash": "f79746570bb48b607c6b047c3e4a8425",
      "size": 307200,
      "tags": [
        10,
        22,
        23,
        24
      ]
    },
    "|games/GBA/Borders/Community/GBA Micro/Pearl Blue.bor": {
      "hash": "1b3def0236305315b522b699ef1bc9c1",
      "size": 307200,
      "tags": [
        10,
        22,
        23,
        24
      ]
    },
    "|games/GBA/Borders/Community/GBA Micro/Pink.bor": {
      "hash": "a68e4f98810b921a550f64f7fc1ab762",
      "size": 307200,
      "tags": [
        10,
        22,
        23,
        24
      ]
    },
    "|games/GBA/Borders/Community/GBA Micro/Purple.bor": {
      "hash": "9ba533f1a598c73155b71080b5160efd",
      "size": 307200,
      "tags": [
        10,
        22,
        23,
        24
      ]
    },
    "|games/GBA/Borders/Community/GBA Micro/Red.bor": {
      "hash": "c0ba4f72c46d7a8a6dbbc5653441156e",
      "size": 307200,
      "tags": [
        10,
        22,
        23,
        24
      ]
    },
    "|games/GBA/Borders/Community/GBA Micro/Silver.bor": {
      "hash": "137985d8235804b6bfc606ff907ab413",
      "size": 307200,
      "tags": [
        10,
        22,
        23,
        24
      ]
    },
    "|games/GBA/Borders/Community/Metallic/Black.bor": {
      "hash": "ec9c55a605491f55b5134369191e089f",
      "size": 307200,
      "tags": [
        10,
        22,
        23,
        24
      ]
    },
    "|games/GBA/Borders/Community/Metallic/Fuschia.bor": {
      "hash": "2bd0533bdfc986f803462667cdf3777b",
      "size": 307200,
      "tags": [
        10,
        22,
        23,
        24
      ]
    },
    "|games/GBA/Borders/Community/Metallic/Glacier.bor": {
      "hash": "ddb569d0c827fa2caa7aa9e613b9a6a6",
      "size": 307200,
      "tags": [
        10,
        22,
        23,
        24
      ]
    },
    "|games/GBA/Borders/Community/Metallic/Gold.bor": {
      "hash": "c947072d6839bbf619304f3a65482c68",
      "size": 307200,
      "tags": [
        10,
        22,
        23,
        24
      ]
    },
    "|games/GBA/Borders/Community/Metallic/Indigo.bor": {
      "hash": "0d2075dab031b6f2d4bc131595ff6cb7",
      "size": 307200,
      "tags": [
        10,
        22,
        23,
        24
      ]
    },
    "|games/GBA/Borders/Community/Metallic/Platinum.bor": {
      "hash": "659b244b313243a04da776d1e38baa42",
      "size": 307200,
      "tags": [
        10,
        22,
        23,
        24
      ]
    },
    "|games/GBA/Borders/Community/Metallic/Spice.bor": {
      "hash": "8c91e36fcf277e50d9e37a6ad29125e6",
      "size": 307200,
      "tags": [
        10,
        22,
        23,
        24
      ]
    },
    "|games/GBA/Borders/Community/RW Gameboy Advance/gba-black-alt.bor": {
      "hash": "5eba5bc25b60f3faa5282a86fa838abd",
      "size": 307200,
      "tags": [
        10,
        22,
        23,
        24
      ]
    },
    "|games/GBA/Borders/Community/RW Gameboy Advance/gba-black.bor": {
      "hash": "29d01969626a356ee010dbf62292509d",
      "size": 307200,
      "tags": [
        10,
        22,
        23,
        24
      ]
    },
    "|games/GBA/Borders/Community/RW Gameboy Advance/gba-indigo-alt.bor": {
      "hash": "331b4a42b4f2305c3fb7e606c7db1033",
      "size": 307200,
      "tags": [
        10,
        22,
        23,
        24
      ]
    },
    "|games/GBA/Borders/Community/RW Gameboy Advance/gba-indigo.bor": {
      "hash": "dbcff1cd960ca7bb3ca487fe10f3d4c6",
      "size": 307200,
      "tags": [
        10,
        22,
        23,
        24
      ]
    },
    "|games/GBA/Borders/Community/RW Gameboy Advance/gba-platinum-alt.bor": {
      "hash": "6c6e58681fef9ef5f9ff4b87df5ba924",
      "size": 307200,
      "tags": [
        10,
        22,
        23,
        24
      ]
    },
    "|games/GBA/Borders/Community/RW Gameboy Advance/gba-platinum.bor": {
      "hash": "7fb1dfd1fab40036570c4700fcb4164e",
      "size": 307200,
      "tags": [
        10,
        22,
        23,
        24
      ]
    },
    "|games/GBA/Borders/Community/RW Gameboy Advance/gba-spice-alt.bor": {
      "hash": "6023b8a5c502c6b987a4392dd3994166",
      "size": 307200,
      "tags": [
        10,
        22,
        23,
        24
      ]
    },
    "|games/GBA/Borders/Community/RW Gameboy Advance/gba-spice.bor": {
      "hash": "3b69f12ee530f03fec45fd0c9e459bd3",
      "size": 307200,
      "tags": [
        10,
        22,
        23,
        24
      ]
    },
    "|games/GBA/Borders/Community/Solid/Arctic.bor": {
      "hash": "6aa7f075463a08490b8a7be371a6263a",
      "size": 307200,
      "tags": [
        10,
        22,
        23,
        24
      ]
    },
    "|games/GBA/Borders/Community/Solid/Black.bor": {
      "hash": "0c23eadb7403b4ea7c1b8f82d07436df",
      "size": 307200,
      "tags": [
        10,
        22,
        23,
        24
      ]
    },
    "|games/GBA/Borders/Community/Solid/Fuschia.bor": {
      "hash": "8aabb9e4de19f1d05853dccc745f44ac",
      "size": 307200,
      "tags": [
        10,
        22,
        23,
        24
      ]
    },
    "|games/GBA/Borders/Community/Solid/Glacier.bor": {
      "hash": "aba64aba0c05963e824828c72076ad1a",
      "size": 307200,
      "tags": [
        10,
        22,
        23,
        24
      ]
    },
    "|games/GBA/Borders/Community/Solid/Indigo.bor": {
      "hash": "8ff56bd137e753a65f21cffb4d47e3dd",
      "size": 307200,
      "tags": [
        10,
        22,
        23,
        24
      ]
    },
    "|games/GBA/Borders/Community/Solid/Spice.bor": {
      "hash": "96cfce50b2521e46fff32af8768662ae",
      "size": 307200,
      "tags": [
        10,
        22,
        23,
        24
      ]
    },
    "|games/GBA/Borders/Community/Super Gameboy Advance/sgba-black-alt.bor": {
      "hash": "280507cc89d72c5dd4fd5f3957b59b5c",
      "size": 307200,
      "tags": [
        10,
        22,
        23,
        24
      ]
    },
    "|games/GBA/Borders/Community/Super Gameboy Advance/sgba-black.bor": {
      "hash": "7ed596f60c363c308db0fdea8b1a2823",
      "size": 307200,
      "tags": [
        10,
        22,
        23,
        24
      ]
    },
    "|games/GBA/Borders/Community/Super Gameboy Advance/sgba-indigo-alt.bor": {
      "hash": "a1376fb2ad6f24cbd62d5a92de631d82",
      "size": 307200,
      "tags": [
        10,
        22,
        23,
        24
      ]
    },
    "|games/GBA/Borders/Community/Super Gameboy Advance/sgba-indigo.bor": {
      "hash": "7fbd9a55e6f8a72bfe1f2c76ffe033da",
      "size": 307200,
      "tags": [
        10,
        22,
        23,
        24
      ]
    },
    "|games/GBA/Borders/Community/Super Gameboy Advance/sgba-platinum-alt.bor": {
      "hash": "77d1270fda2acc8f3103b28c9cbebaa4",
      "size": 307200,
      "tags": [
        10,
        22,
        23,
        24
      ]
    },
    "|games/GBA/Borders/Community/Super Gameboy Advance/sgba-platinum.bor": {
      "hash": "27ed13422cc4737c1574a0a179c80d80",
      "size": 307200,
      "tags": [
        10,
        22,
        23,
        24
      ]
    },
    "|games/GBA/Borders/Community/Super Gameboy Advance/sgba-spice-alt.bor": {
      "hash": "5248a48cfb6db08317eb039db7f52fc9",
      "size": 307200,
      "tags": [
        10,
        22,
        23,
        24
      ]
    },
    "|games/GBA/Borders/Community/Super Gameboy Advance/sgba-spice.bor": {
      "hash": "9f2c3b76c580fcc691021ab586127973",
      "size": 307200,
      "tags": [
        10,
        22,
        23,
        24
      ]
    },
    "|games/GBA/Borders/Community/Textures/Black Leather.bor": {
      "hash": "494f527b81b410875ea52b191dd47120",
      "size": 307200,
      "tags": [
        10,
        22,
        23,
        24
      ]
    },
    "|games/GBA/Borders/Community/Textures/Black Marble.bor": {
      "hash": "90f93806b64215823332760f94e742c1",
      "size": 307200,
      "tags": [
        10,
        22,
        23,
        24
      ]
    },
    "|games/GBA/Borders/Community/Textures/Brushed Steel.bor": {
      "hash": "9e6303175ed4772d0521d0b8c32ba6bc",
      "size": 307200,
      "tags": [
        10,
        22,
        23,
        24
      ]
    },
    "|games/GBA/Borders/Community/Textures/Carbon Fiber.bor": {
      "hash": "354b8a76dea050c3d86951d472325821",
      "size": 307200,
      "tags": [
        10,
        22,
        23,
        24
      ]
    },
    "|games/GBA/Borders/Community/Textures/Leather.bor": {
      "hash": "1d00e92300348903666e3bcfa2180f49",
      "size": 307200,
      "tags": [
        10,
        22,
        23,
        24
      ]
    },
    "|games/GBA/Borders/Community/Textures/Marble.bor": {
      "hash": "91787b589ab686c40b2a816ee7d656de",
      "size": 307200,
      "tags": [
        10,
        22,
        23,
        24
      ]
    },
    "|games/GBA/Borders/Community/Textures/Wood Grain.bor": {
      "hash": "2b76afb344edf71112f14b36e66ad25b",
      "size": 307200,
      "tags": [
        10,
        22,
        23,
        24
      ]
    },
    "|games/GBA/Borders/Community/Wide-Boy64 AGB Inspired/Arctic.bor": {
      "hash": "7cc3c2cec9d29d1e445d9c8ee3b0a1de",
      "size": 307200,
      "tags": [
        10,
        22,
        23,
        24
      ]
    },
    "|games/GBA/Borders/Community/Wide-Boy64 AGB Inspired/Fuchsia.bor": {
      "hash": "b7eced7fe2628c8cf4d72960e9da4aae",
      "size": 307200,
      "tags": [
        10,
        22,
        23,
        24
      ]
    },
    "|games/GBA/Borders/Community/Wide-Boy64 AGB Inspired/Glacier.bor": {
      "hash": "cdaaa0419c014faf34d8be3c9a577c6b",
      "size": 307200,
      "tags": [
        10,
        22,
        23,
        24
      ]
    },
    "|games/GBA/Borders/Community/Wide-Boy64 AGB Inspired/Gold.bor": {
      "hash": "220d321f477932ff998161555fd5f9b5",
      "size": 307200,
      "tags": [
        10,
        22,
        23,
        24
      ]
    },
    "|games/GBA/Borders/Community/Wide-Boy64 AGB Inspired/Gray.bor": {
      "hash": "c658f4c6e17f06016cde4ee8b2b0e401",
      "size": 307200,
      "tags": [
        10,
        22,
        23,
        24
      ]
    },
    "|games/GBA/Borders/Community/Wide-Boy64 AGB Inspired/Indigo Dark.bor": {
      "hash": "71190bc289de09a4c7dd9f368bcbc492",
      "size": 307200,
      "tags": [
        10,
        22,
        23,
        24
      ]
    },
    "|games/GBA/Borders/Community/Wide-Boy64 AGB Inspired/Indigo Light.bor": {
      "hash": "dacb400d7b899eb75d19d444bca06337",
      "size": 307200,
      "tags": [
        10,
        22,
        23,
        24
      ]
    },
    "|games/GBA/Borders/Community/Wide-Boy64 AGB Inspired/Platinum.bor": {
      "hash": "bf82984a83b04209ff98a996bffec7a9",
      "size": 307200,
      "tags": [
        10,
        22,
        23,
        24
      ]
    },
    "|games/GBA/Borders/Community/Wide-Boy64 AGB Inspired/Red.bor": {
      "hash": "ba4c176f18420d1689fb7e60ac88d0ae",
      "size": 307200,
      "tags": [
        10,
        22,
        23,
        24
      ]
    },
    "|games/GBA/Borders/Community/Wide-Boy64 AGB Inspired/Spice.bor": {
      "hash": "658807d3b3b534f3db997db5306fa5de",
      "size": 307200,
      "tags": [
        10,
        22,
        23,
        24
      ]
    },
    "|games/GBA/Borders/Community/tunnotron3000/Misterkun.bor": {
      "hash": "099b9aa53057e3e65a6bb6881e6a195a",
      "size": 307200,
      "tags": [
        10,
        22,
        23,
        24
      ]
    },
    "|games/GBA/Borders/Community/tunnotron3000/SGB_1_Var1.bor": {
      "hash": "37edf0bda84d6b69a9af3ee3bdadb41c",
      "size": 307200,
      "tags": [
        10,
        22,
        23,
        24
      ]
    },
    "|games/GBA/Borders/Community/tunnotron3000/SGB_1_Var2.bor": {
      "hash": "daabd98c144b4bd25bb4d562e9cd60cf",
      "size": 307200,
      "tags": [
        10,
        22,
        23,
        24
      ]
    },
    "|games/GBA/Borders/Community/tunnotron3000/SGB_BlackVar.bor": {
      "hash": "0984fe3373716f6c34497852f9bf1c80",
      "size": 307200,
      "tags": [
        10,
        22,
        23,
        24
      ]
    },
    "|games/GBA/Borders/Community/tunnotron3000/SuperGBANeon2.bor": {
      "hash": "ead99a36ce1b034d6eda18e962888549",
      "size": 307200,
      "tags": [
        10,
        22,
        23,
        24
      ]
    },
    "|games/GBA/Borders/Community/tunnotron3000/superGBABlack_NoGlow.bor": {
      "hash": "fc53122acb6f55079ce29f5e2bdcfe70",
      "size": 307200,
      "tags": [
        10,
        22,
        23,
        24
      ]
    },
    "|games/GBA/Borders/GC & GB Player/Black 2.bor": {
      "hash": "0a67b8838b5523af2a1b0437783c3c2e",
      "size": 307200,
      "tags": [
        10,
        22,
        23,
        24
      ]
    },
    "|games/GBA/Borders/GC & GB Player/Black.bor": {
      "hash": "825ca3d2df083cd56fcfaa66e6ccb4e6",
      "size": 307200,
      "tags": [
        10,
        22,
        23,
        24
      ]
    },
    "|games/GBA/Borders/GC & GB Player/Block.bor": {
      "hash": "55d45722212bd27fc5ae80753e6972fd",
      "size": 307200,
      "tags": [
        10,
        22,
        23,
        24
      ]
    },
    "|games/GBA/Borders/GC & GB Player/Camoflage.bor": {
      "hash": "52f24db94338862a12435984aeab2016",
      "size": 307200,
      "tags": [
        10,
        22,
        23,
        24
      ]
    },
    "|games/GBA/Borders/GC & GB Player/Denim.bor": {
      "hash": "a78eb00dabdcf31eca5439b838e455fc",
      "size": 307200,
      "tags": [
        10,
        22,
        23,
        24
      ]
    },
    "|games/GBA/Borders/GC & GB Player/Exotic.bor": {
      "hash": "5bc8b8a921ef4fdfae850df99738f2ae",
      "size": 307200,
      "tags": [
        10,
        22,
        23,
        24
      ]
    },
    "|games/GBA/Borders/GC & GB Player/Flowers.bor": {
      "hash": "0bdf459666eb93689609d05a8e3c7f37",
      "size": 307200,
      "tags": [
        10,
        22,
        23,
        24
      ]
    },
    "|games/GBA/Borders/GC & GB Player/Game Specific/Mario Pinball.bor": {
      "hash": "ccd3fef01b6aa28b93eb06666cf0158b",
      "size": 307200,
      "tags": [
        10,
        22,
        23,
        24
      ]
    },
    "|games/GBA/Borders/GC & GB Player/Game Specific/Mario vs Donkey Kong.bor": {
      "hash": "3fba5b7ef2f2a58090defd969ec9ca66",
      "size": 307200,
      "tags": [
        10,
        22,
        23,
        24
      ]
    },
    "|games/GBA/Borders/GC & GB Player/Game Specific/Naruto.bor": {
      "hash": "d1578833e0046cab355b5450c8ec1ac1",
      "size": 307200,
      "tags": [
        10,
        22,
        23,
        24
      ]
    },
    "|games/GBA/Borders/GC & GB Player/Game Specific/Pokemon Box Boy.bor": {
      "hash": "5f098fa4898a312a60c90981746d249f",
      "size": 307200,
      "tags": [
        10,
        22,
        23,
        24
      ]
    },
    "|games/GBA/Borders/GC & GB Player/Game Specific/Pokemon Box Girl.bor": {
      "hash": "701de005a13ebdf9646b2080dd90f0e1",
      "size": 307200,
      "tags": [
        10,
        22,
        23,
        24
      ]
    },
    "|games/GBA/Borders/GC & GB Player/Gamecube 1.bor": {
      "hash": "baf55d92494fb4b04f628881347c1d99",
      "size": 307200,
      "tags": [
        10,
        22,
        23,
        24
      ]
    },
    "|games/GBA/Borders/GC & GB Player/Gamecube 2.bor": {
      "hash": "62e28b6566059b1f265148439a26f9f1",
      "size": 307200,
      "tags": [
        10,
        22,
        23,
        24
      ]
    },
    "|games/GBA/Borders/GC & GB Player/Geometry.bor": {
      "hash": "278b0ffebde584fd440a28d7d478a3d3",
      "size": 307200,
      "tags": [
        10,
        22,
        23,
        24
      ]
    },
    "|games/GBA/Borders/GC & GB Player/Gold 2.bor": {
      "hash": "7ac38f82e3c3f98ed08bdc7c5da369bc",
      "size": 307200,
      "tags": [
        10,
        22,
        23,
        24
      ]
    },
    "|games/GBA/Borders/GC & GB Player/Gold.bor": {
      "hash": "c1af3a9b57a4acd01ce40c4eb9b14d05",
      "size": 307200,
      "tags": [
        10,
        22,
        23,
        24
      ]
    },
    "|games/GBA/Borders/GC & GB Player/Indigo 2.bor": {
      "hash": "7456150c92729811c1372ec697d0a614",
      "size": 307200,
      "tags": [
        10,
        22,
        23,
        24
      ]
    },
    "|games/GBA/Borders/GC & GB Player/Indigo.bor": {
      "hash": "caba8c6c4ffdcf98f12d6f7e86af446d",
      "size": 307200,
      "tags": [
        10,
        22,
        23,
        24
      ]
    },
    "|games/GBA/Borders/GC & GB Player/Knit.bor": {
      "hash": "2d8bff589f4e021cc07e92bedf79ad3e",
      "size": 307200,
      "tags": [
        10,
        22,
        23,
        24
      ]
    },
    "|games/GBA/Borders/GC & GB Player/Machine.bor": {
      "hash": "dd093df87fced8480e1bac09001e4917",
      "size": 307200,
      "tags": [
        10,
        22,
        23,
        24
      ]
    },
    "|games/GBA/Borders/GC & GB Player/Planets.bor": {
      "hash": "d14deb0ba5da5bf87d423f454b612340",
      "size": 307200,
      "tags": [
        10,
        22,
        23,
        24
      ]
    },
    "|games/GBA/Borders/GC & GB Player/Platinum 2.bor": {
      "hash": "9497cf6d67baf31323053388fbc879e3",
      "size": 307200,
      "tags": [
        10,
        22,
        23,
        24
      ]
    },
    "|games/GBA/Borders/GC & GB Player/Platinum.bor": {
      "hash": "057dbdce7ff8d1c505b4d14ae575100d",
      "size": 307200,
      "tags": [
        10,
        22,
        23,
        24
      ]
    },
    "|games/GBA/Borders/GC & GB Player/Pokemon.bor": {
      "hash": "44f1db3a6e01e896e4f5c096afb92562",
      "size": 307200,
      "tags": [
        10,
        22,
        23,
        24
      ]
    },
    "|games/GBA/Borders/GC & GB Player/Solid Black.bor": {
      "hash": "83a426b2cbf4229167ee082ee90b1c5a",
      "size": 307200,
      "tags": [
        10,
        22,
        23,
        24
      ]
    },
    "|games/GBA/Borders/GC & GB Player/Spice 2.bor": {
      "hash": "a464e5e4f682aea75c056210ac3dc0b1",
      "size": 307200,
      "tags": [
        10,
        22,
        23,
        24
      ]
    },
    "|games/GBA/Borders/GC & GB Player/Spice.bor": {
      "hash": "ab3392ea3b89aa455376d3e154cfe7bc",
      "size": 307200,
      "tags": [
        10,
        22,
        23,
        24
      ]
    },
    "|games/GBA/Borders/GC & GB Player/Stone.bor": {
      "hash": "b1d6275c3bc2cd31e0456b1e882aaf0c",
      "size": 307200,
      "tags": [
        10,
        22,
        23,
        24
      ]
    },
    "|games/GBA/Borders/GC & GB Player/Tartan.bor": {
      "hash": "fbac07d94b4a3029b8dd4af642280cb4",
      "size": 307200,
      "tags": [
        10,
        22,
        23,
        24
      ]
    },
    "|games/GBA/Borders/GC & GB Player/Wood.bor": {
      "hash": "e07d63872ee1cbf375d813253efb2c29",
      "size": 307200,
      "tags": [
        10,
        22,
        23,
        24
      ]
    }
  },
  "folders": {
    "|games": {
      "tags": [
        22
      ]
    },
    "|games/GBA": {
      "tags": [
        10,
        22
      ]
    },
    "|games/GBA/Borders": {
      "tags": [
        10,
        22,
        24
      ]
    },
    "|games/GBA/Borders/Community": {
      "tags": [
        10,
        22,
        24
      ]
    },
    "|games/GBA/Borders/Community/Anime0t4ku Border Pack": {
      "tags": [
        10,
        22,
        24
      ]
    },
    "|games/GBA/Borders/Community/GBA Micro": {
      "tags": [
        10,
        22,
        24
      ]
    },
    "|games/GBA/Borders/Community/Metallic": {
      "tags": [
        10,
        22,
        24
      ]
    },
    "|games/GBA/Borders/Community/RW Gameboy Advance": {
      "tags": [
        10,
        22,
        24
      ]
    },
    "|games/GBA/Borders/Community/Solid": {
      "tags": [
        10,
        22,
        24
      ]
    },
    "|games/GBA/Borders/Community/Super Gameboy Advance": {
      "tags": [
        10,
        22,
        24
      ]
    },
    "|games/GBA/Borders/Community/Textures": {
      "tags": [
        10,
        22,
        24
      ]
    },
    "|games/GBA/Borders/Community/Wide-Boy64 AGB Inspired": {
      "tags": [
        10,
        22,
        24
      ]
    },
    "|games/GBA/Borders/Community/tunnotron3000": {
      "tags": [
        10,
        22,
        24
      ]
    },
    "|games/GBA/Borders/GC & GB Player": {
      "tags": [
        10,
        22,
        24
      ]
    },
    "|games/GBA/Borders/GC & GB Player/Game Specific": {
      "tags": [
        10,
        22,
        24
      ]
    }
  },
  "tag_dictionary": {
    "borders": 23,
    "extrautilities": 24,
    "gameboyadvance": 10,
    "games": 22,
    "gba": 10
  },
  "timestamp": 1769377633
}