{
  "base_files_url": "https://mirror1.undefinedproxy.com/retrospy/retrospy-MiSTer/60bbf94b2e1148fa7bd6e47941d6e69f85292a24/",
  "db_id": "retrospy/retrospy-MiSTer",
  "db_url": "https://mirror1.undefinedproxy.com/retrospy/retrospy-MiSTer/db/db.json.zip",
  "files": {
    "retrospy/retrospy": {
      "hash": "d7abbcce4c6b8d9aee0f4c559cda0fa6",
      "size": 23696,
      "tags": [
        16
      ],
      "url": "https://mirror1.undefinedproxy.com/retrospy/RetroSpy/releases/download/v6.4.3/retrospy"
    }
  },
  "folders": {
    "retrospy": {
      "tags": [
        16
      ]
    }
  },
  "tag_dictionary": {
    "retrospy": 16
  },
  "timestamp": 1704589038
}