{
  "base_files_url": "https://mirror1.undefinedproxy.com/MikeS11/YC_Builds-MiSTer/66d1c741bf2cd33c21f1e846fe07164d419b896c/",
  "db_id": "MikeS11/YC_Builds-MiSTer",
  "db_url": "https://mirror1.undefinedproxy.com/MikeS11/YC_Builds-MiSTer/db/db.json.zip",
  "files": {
    "_YCArcade/Arkanoid (JP).mra": {
      "hash": "29d6a40e5a922045a2d32f2f7822bab3",
      "size": 2569,
      "tags": [
        16,
        17,
        21
      ]
    },
    "_YCArcade/Arkanoid (Japan).mra": {
      "hash": "a90a50520862d9c86ad82889718fbce8",
      "size": 1801,
      "tags": [
        16,
        17,
        21
      ]
    },
    "_YCArcade/Arkanoid (US).mra": {
      "hash": "ddaf972c6f65ded4be3b93b5dd3e7e00",
      "size": 2539,
      "tags": [
        16,
        17,
        21
      ]
    },
    "_YCArcade/Arkanoid (Unl. Lives, slower) [hb].mra": {
      "hash": "ec57cb862ce077514ef37fbaa5461d22",
      "size": 2895,
      "tags": [
        16,
        17,
        21
      ]
    },
    "_YCArcade/Arkanoid (Unl. lives) [hb].mra": {
      "hash": "2f16222b779bdb9f32ff31997115952a",
      "size": 2647,
      "tags": [
        16,
        17,
        21
      ]
    },
    "_YCArcade/Arkanoid (Unlimited Lives).mra": {
      "hash": "68cf9bc2a475b8b4584e3d6a8992ecc5",
      "size": 1846,
      "tags": [
        16,
        17,
        21
      ]
    },
    "_YCArcade/Arkanoid (W).mra": {
      "hash": "21d9724d9e7bfd9ccb5100035d4399bb",
      "size": 2554,
      "tags": [
        16,
        17,
        21
      ]
    },
    "_YCArcade/Arkanoid (World).mra": {
      "hash": "0d685a2c9d2665b941f93d4558835a5e",
      "size": 1803,
      "tags": [
        16,
        17,
        21
      ]
    },
    "_YCArcade/Arkanoid (unl.lives, slower).mra": {
      "hash": "5e0f5311e8776bec974c837ce60e3ce2",
      "size": 2093,
      "tags": [
        16,
        17,
        21
      ]
    },
    "_YCArcade/Armed Police Batrider (USA) (Fri Feb 13 1998).mra": {
      "hash": "94377b2bbd6f27300036d5e31b2732bf",
      "size": 5998,
      "tags": [
        16,
        17,
        22
      ]
    },
    "_YCArcade/Battle Bakraid - Unlimited Version (USA) (Tue Jun 8 1999).mra": {
      "hash": "b09db489bd5860aa3e7d8b017e21e74a",
      "size": 5011,
      "tags": [
        16,
        17,
        23
      ]
    },
    "_YCArcade/Battle Garegga (Europe - USA - Japan - Asia) (Sat Feb 3 1996).mra": {
      "hash": "8ae7a153126991f3af9de46a12b1719f",
      "size": 3996,
      "tags": [
        16,
        17,
        24
      ]
    },
    "_YCArcade/Birdie Try (Japan revision 2, revision 1 MCU).mra": {
      "hash": "ec45f9d7cf7f609000740232bd8ca2f9",
      "size": 5829,
      "tags": [
        16,
        17,
        25
      ]
    },
    "_YCArcade/Bosconian - Star Destroyer (Midway, new version).mra": {
      "hash": "da48655ab00628f13f0a9d49687b7ec9",
      "size": 3470,
      "tags": [
        16,
        17,
        26
      ]
    },
    "_YCArcade/Bosconian - Star Destroyer (new version).mra": {
      "hash": "d402ba70891cf5aecb8406034bbdc4bb",
      "size": 3425,
      "tags": [
        16,
        17,
        26
      ]
    },
    "_YCArcade/Computer Space.mra": {
      "hash": "1205987b8a5317f4ec232eb7bf5532ec",
      "size": 1101,
      "tags": [
        16,
        17,
        27
      ]
    },
    "_YCArcade/Dangun Feveron.mra": {
      "hash": "5ba63819855b4fc0c7e7bd21f2ab7d6a",
      "size": 1655,
      "tags": [
        16,
        17,
        67
      ]
    },
    "_YCArcade/DoDonPachi (Arrange).mra": {
      "hash": "af36126faad5883ea153066b8f0f7973",
      "size": 1726,
      "tags": [
        16,
        17,
        67
      ]
    },
    "_YCArcade/DoDonPachi (Japan).mra": {
      "hash": "530d4e5d80bb69fbc5c38533cf2d93ca",
      "size": 1665,
      "tags": [
        16,
        17,
        67
      ]
    },
    "_YCArcade/DoDonPachi Trainer (Japan).mra": {
      "hash": "336d23c2a088b2dab7e080bb1be0c4c6",
      "size": 6195,
      "tags": [
        16,
        17,
        67
      ]
    },
    "_YCArcade/DoDonPachi.mra": {
      "hash": "d151d5875ae039afb94b476e5460a7fe",
      "size": 1640,
      "tags": [
        16,
        17,
        67
      ]
    },
    "_YCArcade/DonPachi (Japan).mra": {
      "hash": "3747a912cb2d736f733ed5cc003e12fd",
      "size": 1414,
      "tags": [
        16,
        17,
        67
      ]
    },
    "_YCArcade/DonPachi.mra": {
      "hash": "90623a59598cd6ceed53ae6691ac132c",
      "size": 1393,
      "tags": [
        16,
        17,
        67
      ]
    },
    "_YCArcade/ESP Ra.De. (Japan).mra": {
      "hash": "c1b4ab11ff5e9af696fdbda73d45d0c9",
      "size": 1730,
      "tags": [
        16,
        17,
        67
      ]
    },
    "_YCArcade/ESP Ra.De..mra": {
      "hash": "35c3ab912596a556c41261d7b3866e19",
      "size": 1704,
      "tags": [
        16,
        17,
        67
      ]
    },
    "_YCArcade/Exerion (Taito).mra": {
      "hash": "2a4bc6eefc50ac159731946537d72aa9",
      "size": 1924,
      "tags": [
        16,
        17,
        68
      ]
    },
    "_YCArcade/Fever SOS.mra": {
      "hash": "f3a2b6408e93665e2a245ab793054788",
      "size": 1329,
      "tags": [
        16,
        17,
        67
      ]
    },
    "_YCArcade/Finalizer - Super Transformation (Set 1).mra": {
      "hash": "d4a634ef4b38a69a5d51b5e69a22ca61",
      "size": 2764,
      "tags": [
        16,
        17,
        69
      ]
    },
    "_YCArcade/Finalizer - Super Transformation (Set 2) [bl].mra": {
      "hash": "8c15655e639d41aa3eb14db579592f20",
      "size": 2748,
      "tags": [
        16,
        17,
        69
      ]
    },
    "_YCArcade/Finalizer - Super Transformation (Set 2).mra": {
      "hash": "711a59426ad30d6f8ade87b84c7a7aff",
      "size": 2794,
      "tags": [
        16,
        17,
        69
      ]
    },
    "_YCArcade/Flash Point (set 2, Japan) (FD1094 317-0127A).mra": {
      "hash": "9e835a178c23d63767ecee7e3d3ad17d",
      "size": 3821,
      "tags": [
        16,
        17,
        70
      ]
    },
    "_YCArcade/Gaia Crusaders.mra": {
      "hash": "69043047a5bbd7d7533b70a457e420d7",
      "size": 2050,
      "tags": [
        16,
        17,
        67
      ]
    },
    "_YCArcade/Gemini Wing.mra": {
      "hash": "0714850dc5419c208a7210b15c7a8697",
      "size": 2549,
      "tags": [
        16,
        17,
        71
      ]
    },
    "_YCArcade/Guwange (Special).mra": {
      "hash": "3b06820a733fe198c5788d5abd322dec",
      "size": 1944,
      "tags": [
        16,
        17,
        67
      ]
    },
    "_YCArcade/Guwange.mra": {
      "hash": "07cd2689315439b09dfe726cc8ed70d6",
      "size": 1724,
      "tags": [
        16,
        17,
        67
      ]
    },
    "_YCArcade/Gyruss.mra": {
      "hash": "8261b55ad9182d5ee028fec662e75d7b",
      "size": 2817,
      "tags": [
        16,
        17,
        72
      ]
    },
    "_YCArcade/Hellfire (2P set).mra": {
      "hash": "ac9070ad3e708a65a90c70c8cfd243ef",
      "size": 2366,
      "tags": [
        16,
        17,
        18
      ]
    },
    "_YCArcade/Hotdog Storm.mra": {
      "hash": "202c5550fa438b0c703c39cda23ff836",
      "size": 1551,
      "tags": [
        16,
        17,
        67
      ]
    },
    "_YCArcade/Iron Horse (Ver. K).mra": {
      "hash": "04c8e63759eb70dee5c6473fecdad86f",
      "size": 2875,
      "tags": [
        16,
        17,
        73
      ]
    },
    "_YCArcade/Jackal (W) [bl].mra": {
      "hash": "7afd3dd634502d5e6518e6b36c2b0b2f",
      "size": 2614,
      "tags": [
        16,
        17,
        74
      ]
    },
    "_YCArcade/Jackal (W).mra": {
      "hash": "9880aed8007aa9f37e8f06724dcf7989",
      "size": 2523,
      "tags": [
        16,
        17,
        74
      ]
    },
    "_YCArcade/Jackal (W, Rotary).mra": {
      "hash": "78cb5d72b49b8391a3aea3d6e9d1ba0c",
      "size": 2568,
      "tags": [
        16,
        17,
        74
      ]
    },
    "_YCArcade/Jailbreak.mra": {
      "hash": "2c884a8100373b9e8853969ac492fd16",
      "size": 2504,
      "tags": [
        16,
        17,
        75
      ]
    },
    "_YCArcade/Kingdom Grandprix.mra": {
      "hash": "0e2001bf9b2ad83e52a48992ccfe652e",
      "size": 2822,
      "tags": [
        16,
        17,
        24
      ]
    },
    "_YCArcade/MRAs.txt": {
      "hash": "d41d8cd98f00b204e9800998ecf8427e",
      "size": 0,
      "tags": [
        16
      ]
    },
    "_YCArcade/Manhattan 24 Bunsyo (J).mra": {
      "hash": "b6768f298f0c4f9cae1dd03068cbfd54",
      "size": 2527,
      "tags": [
        16,
        17,
        75
      ]
    },
    "_YCArcade/Moon Patrol.mra": {
      "hash": "732b5ea1cac156035d4ee61b9286ee6f",
      "size": 1691,
      "tags": [
        16,
        17,
        76
      ]
    },
    "_YCArcade/Out Zone.mra": {
      "hash": "6ae5c2efc65fe94acb38630b44970529",
      "size": 2263,
      "tags": [
        16,
        17,
        18
      ]
    },
    "_YCArcade/Puzzle Uo Poko (Japan).mra": {
      "hash": "6c44d877d578e755306e13082f21773e",
      "size": 1036,
      "tags": [
        16,
        17,
        67
      ]
    },
    "_YCArcade/Puzzle Uo Poko.mra": {
      "hash": "027ffabc8c38a9bd163a77ec1827b1a1",
      "size": 1015,
      "tags": [
        16,
        17,
        67
      ]
    },
    "_YCArcade/Silkworm.mra": {
      "hash": "2ed87885701eb53e1e5864d4c5994684",
      "size": 2523,
      "tags": [
        16,
        17,
        71
      ]
    },
    "_YCArcade/Sorcer Striker.mra": {
      "hash": "b44e8ef47d7d0cb98d8bd11af5485241",
      "size": 2757,
      "tags": [
        16,
        17,
        24
      ]
    },
    "_YCArcade/Thunder Heroes.mra": {
      "hash": "1bfb424667e62894468543e3c6aba267",
      "size": 2072,
      "tags": [
        16,
        17,
        67
      ]
    },
    "_YCArcade/Time Pilot '84 (Set 1).mra": {
      "hash": "2138db7899615d119bb4568cf3363652",
      "size": 2763,
      "tags": [
        16,
        17,
        77
      ]
    },
    "_YCArcade/Time Pilot '84 (Set 2).mra": {
      "hash": "14225a5a7e8bd42c218bedbb358c761d",
      "size": 2761,
      "tags": [
        16,
        17,
        77
      ]
    },
    "_YCArcade/Time Pilot '84 (Set 3).mra": {
      "hash": "9694d78a9faffe532aca92885f0ff5b4",
      "size": 2508,
      "tags": [
        16,
        17,
        77
      ]
    },
    "_YCArcade/Time Pilot.mra": {
      "hash": "ed63d8626bb30904f06e7831dc311c15",
      "size": 2224,
      "tags": [
        16,
        17,
        78
      ]
    },
    "_YCArcade/Tokushu Butai Jackal (JP).mra": {
      "hash": "2ac5d1c2e6eb5d66982225f80aaa7fd9",
      "size": 2560,
      "tags": [
        16,
        17,
        74
      ]
    },
    "_YCArcade/Top Gunner (US) [bl].mra": {
      "hash": "f828d9480ad66ede8a1ec025153b148d",
      "size": 2623,
      "tags": [
        16,
        17,
        74
      ]
    },
    "_YCArcade/Top Gunner (US).mra": {
      "hash": "9542431cf1bf22e813ee356e8fb5aa25",
      "size": 2579,
      "tags": [
        16,
        17,
        74
      ]
    },
    "_YCArcade/Track & Field.mra": {
      "hash": "4461a583c470f6cfb91b6a0cad67ae6e",
      "size": 4276,
      "tags": [
        16,
        17,
        79
      ]
    },
    "_YCArcade/Truxton - Tatsujin.mra": {
      "hash": "304f687199ccfd784aead80483a808f5",
      "size": 2514,
      "tags": [
        16,
        17,
        18
      ]
    },
    "_YCArcade/Zero Wing (2P set).mra": {
      "hash": "88f28f48cae5a9e840d241ded99b596a",
      "size": 2521,
      "tags": [
        16,
        17,
        18
      ]
    },
    "_YCArcade/_alternatives/Performan (US).mra": {
      "hash": "6caa565c0319f5edfb38f9ce33b8a1db",
      "size": 2259,
      "tags": [
        16,
        17,
        19,
        20
      ]
    },
    "_YCArcade/_alternatives/_Zero Wing/Zero Wing (1P set).mra": {
      "hash": "9b7866043ac9347ad2b3b687a5c56b26",
      "size": 2666,
      "tags": [
        16,
        17,
        18,
        19
      ]
    },
    "_YCArcade/_alternatives/_Zero Wing/Zero Wing (2P set, Williams license).mra": {
      "hash": "fdbffb26228e94af5a49f2fb4fd4f36e",
      "size": 2541,
      "tags": [
        16,
        17,
        18,
        19
      ]
    },
    "_YCArcade/cores/Arkanoid_20220517.rbf": {
      "hash": "ed203174907b73ad352cb0ec2bbf1968",
      "size": 3136608,
      "tags": [
        16,
        28,
        29
      ]
    },
    "_YCArcade/cores/Bosconian_20221117.rbf": {
      "hash": "35f16fd7d98ca2d3a16c3c794c4236cf",
      "size": 2937056,
      "tags": [
        16,
        28,
        32
      ]
    },
    "_YCArcade/cores/Cave_20221119.rbf": {
      "hash": "325862c64dc1a390e71493915ab2fb01",
      "size": 3873020,
      "tags": [
        16,
        28,
        33
      ]
    },
    "_YCArcade/cores/ComputerSpace_20220529.rbf": {
      "hash": "131f01854525d8a43041c8b323355698",
      "size": 2447116,
      "tags": [
        16,
        28,
        34
      ]
    },
    "_YCArcade/cores/Exerion_20221117.rbf": {
      "hash": "ae6a51026e3c3af8e830f4c53e4637b1",
      "size": 3064968,
      "tags": [
        16,
        28,
        35
      ]
    },
    "_YCArcade/cores/Finalizer_20220521.rbf": {
      "hash": "a9beff228d16e465ed60cb5e2c4f83a6",
      "size": 3219160,
      "tags": [
        16,
        28,
        36
      ]
    },
    "_YCArcade/cores/Galivan_20220923.rbf": {
      "hash": "ac7b9539ea244effe6acdd40e8d49940",
      "size": 3808948,
      "tags": [
        16,
        28,
        37
      ]
    },
    "_YCArcade/cores/Gyruss_20220529.rbf": {
      "hash": "5f8003ffca65258ceedb231c47d004ee",
      "size": 3231052,
      "tags": [
        16,
        28,
        39
      ]
    },
    "_YCArcade/cores/IronHorse_20220521.rbf": {
      "hash": "62f65d8d000fc9371d6733c9718566a6",
      "size": 3456572,
      "tags": [
        16,
        28,
        40
      ]
    },
    "_YCArcade/cores/Jackal_20221214.rbf": {
      "hash": "e03c20e52ddac351ff87be6d32a9b904",
      "size": 3905088,
      "tags": [
        16,
        28,
        41
      ]
    },
    "_YCArcade/cores/Jailbreak_20220529.rbf": {
      "hash": "4779388afcc69f96657ed93a884f2f3e",
      "size": 3247536,
      "tags": [
        16,
        28,
        42
      ]
    },
    "_YCArcade/cores/MoonPatrol_20220521.rbf": {
      "hash": "c30a1181e78b4bfb2caf0f38bb35ae4d",
      "size": 3009680,
      "tags": [
        16,
        28,
        61
      ]
    },
    "_YCArcade/cores/TMNT_20230430.rbf": {
      "hash": "c79d5e0021540ecb2c1ca26d456200e1",
      "size": 3663396,
      "tags": [
        16,
        28,
        65
      ]
    },
    "_YCArcade/cores/TimePilot84_20220529.rbf": {
      "hash": "9875ab5327e3a921179a983fd8222769",
      "size": 3127936,
      "tags": [
        16,
        28,
        63
      ]
    },
    "_YCArcade/cores/TimePilot_20220529.rbf": {
      "hash": "25a166da4acf5e8423ff2360db19eb5d",
      "size": 2955224,
      "tags": [
        16,
        28,
        64
      ]
    },
    "_YCArcade/cores/bakraid_20230120.rbf": {
      "hash": "0d6c9ec3d281405e69dcf7f916cb73a4",
      "size": 3570900,
      "tags": [
        16,
        28,
        30
      ]
    },
    "_YCArcade/cores/batrider_20230120.rbf": {
      "hash": "e96fdc31ab358d547efb8fe3cac21cc6",
      "size": 3616048,
      "tags": [
        16,
        28,
        31
      ]
    },
    "_YCArcade/cores/garegga_20230120.rbf": {
      "hash": "5df24be76913e165ae50a09502dcdc29",
      "size": 3591076,
      "tags": [
        16,
        28,
        38
      ]
    },
    "_YCArcade/cores/jtbtiger_20220709.rbf": {
      "hash": "16ace442826afc3c51d26e9df39b5b50",
      "size": 2938364,
      "tags": [
        16,
        28,
        43
      ]
    },
    "_YCArcade/cores/jtflane_20220722.rbf": {
      "hash": "8b6a59aa109eac3e9a1d250784c9b787",
      "size": 2792028,
      "tags": [
        16,
        28,
        44
      ]
    },
    "_YCArcade/cores/jtkicker_20220409.rbf": {
      "hash": "cd9021ed4a93abddb910c06b9fee7509",
      "size": 2658100,
      "tags": [
        16,
        28,
        45
      ]
    },
    "_YCArcade/cores/jtkunio_20230108.rbf": {
      "hash": "2b95449168bcb36312e097d2e7a97992",
      "size": 2736732,
      "tags": [
        16,
        28,
        46
      ]
    },
    "_YCArcade/cores/jtlabrun_20220709.rbf": {
      "hash": "e26c898381196ac6c8c4ad3a94452c2b",
      "size": 2843340,
      "tags": [
        16,
        28,
        47
      ]
    },
    "_YCArcade/cores/jtmx5k_20220722.rbf": {
      "hash": "59d9a7df2e3e2843afae8da2f66db147",
      "size": 2905492,
      "tags": [
        16,
        28,
        48
      ]
    },
    "_YCArcade/cores/jtninja_20220708.rbf": {
      "hash": "6adfe7d680e8130cf5a70eeb695dd860",
      "size": 3081696,
      "tags": [
        16,
        28,
        49
      ]
    },
    "_YCArcade/cores/jts16_20221217.rbf": {
      "hash": "28bfa11a0e87ed981c88af7ac5979800",
      "size": 3058720,
      "tags": [
        16,
        28,
        50
      ]
    },
    "_YCArcade/cores/jts16b_20221217.rbf": {
      "hash": "0508459a4f93307e38cfc0fdb9fc1e03",
      "size": 3053796,
      "tags": [
        16,
        28,
        51
      ]
    },
    "_YCArcade/cores/jtsbaskt_20230108.rbf": {
      "hash": "abc3eb155807019d969a0dc65402f1f1",
      "size": 2771364,
      "tags": [
        16,
        28,
        52
      ]
    },
    "_YCArcade/cores/jtsectionz_20220709.rbf": {
      "hash": "800eb3e808d43e77a3b3e13175663a9b",
      "size": 2811232,
      "tags": [
        16,
        28,
        53
      ]
    },
    "_YCArcade/cores/jtsf_20220709.rbf": {
      "hash": "611458137e7ec82352a65f277264345e",
      "size": 2960428,
      "tags": [
        16,
        28,
        54
      ]
    },
    "_YCArcade/cores/jtslyspy_20220708.rbf": {
      "hash": "ce2ab4d95d5f577764882bc1c1349fcd",
      "size": 2980652,
      "tags": [
        16,
        28,
        55
      ]
    },
    "_YCArcade/cores/jttora_20220709.rbf": {
      "hash": "e0ab4fd19a8bb962d680b7cddd8c00e1",
      "size": 2909432,
      "tags": [
        16,
        28,
        56
      ]
    },
    "_YCArcade/cores/jttrack_20230108.rbf": {
      "hash": "d21c8098e6b8d49a37b0a3d2be0dab20",
      "size": 2735920,
      "tags": [
        16,
        28,
        57
      ]
    },
    "_YCArcade/cores/jttrojan_20220709.rbf": {
      "hash": "3045d19d06b1a078ade83e61e9caa759",
      "size": 2865120,
      "tags": [
        16,
        28,
        58
      ]
    },
    "_YCArcade/cores/jtvigil_20220709.rbf": {
      "hash": "ecaa408ac20a7b5be9b8437b4e553af8",
      "size": 2775916,
      "tags": [
        16,
        28,
        59
      ]
    },
    "_YCArcade/cores/jtvulgus_20220409.rbf": {
      "hash": "4474b588344a080718564840dd9a6acd",
      "size": 2723216,
      "tags": [
        16,
        28,
        60
      ]
    },
    "_YCArcade/cores/jtvulgus_20220709.rbf": {
      "hash": "8dfe6ebff89ed51939ea0ccdaab44cae",
      "size": 2756736,
      "tags": [
        16,
        28,
        60
      ]
    },
    "_YCArcade/cores/tecmo_20221214.rbf": {
      "hash": "597364e036ec022488e8871547067371",
      "size": 3215392,
      "tags": [
        16,
        28,
        62
      ]
    },
    "_YCArcade/cores/toaplan1_20221203.rbf": {
      "hash": "4e19d3ecf06ccb154004243ab5b9aed3",
      "size": 3588512,
      "tags": [
        16,
        28,
        66
      ]
    },
    "_YCArcade/mra2rom.sh": {
      "hash": "a1d2cb68ada886253b1d54ac7fa96157",
      "size": 289,
      "tags": [
        16
      ]
    },
    "_YCComputer/Casio_PV-2000YC_20221121.rbf": {
      "hash": "e8096b4714fbef18f369d3e768026133",
      "size": 2874640,
      "tags": [
        28,
        80,
        81
      ]
    },
    "_YCComputer/InteractYC_20221121.rbf": {
      "hash": "2790009f80644c8feca3b8aa155f6212",
      "size": 2721688,
      "tags": [
        28,
        80,
        83
      ]
    },
    "_YCComputer/MSX1YC_20221203.rbf": {
      "hash": "10a57cf05fff9e1f8041fce3b973bc34",
      "size": 3747144,
      "tags": [
        28,
        80,
        84
      ]
    },
    "_YCComputer/Ondra_SPO186YC_20221121.rbf": {
      "hash": "6e9db9f4559f1da75e5483390f7e75de",
      "size": 2837036,
      "tags": [
        28,
        80,
        85
      ]
    },
    "_YCComputer/PCXTYC_20230205.rbf": {
      "hash": "f44567f0cab15ed638fe7739668a6661",
      "size": 3972764,
      "tags": [
        28,
        80,
        86
      ]
    },
    "_YCComputer/SordM5YC_20221121.rbf": {
      "hash": "682a7818e505cd293fb82bc38e3e5839",
      "size": 3733752,
      "tags": [
        28,
        80,
        87
      ]
    },
    "_YCComputer/TatungEinsteinYC_20221121.rbf": {
      "hash": "5d29ea1115269bfef3447cf822cc1cf3",
      "size": 3272908,
      "tags": [
        28,
        80,
        88
      ]
    },
    "_YCComputer/Ti994aYC_20221229.rbf": {
      "hash": "75559a0bde80f07db3a13a9c27cd4e05",
      "size": 2868752,
      "tags": [
        28,
        80,
        89
      ]
    },
    "_YCComputer/eg2000YC_20220923.rbf": {
      "hash": "7123d4ce99a8bca75be58550a10bec48",
      "size": 3303316,
      "tags": [
        28,
        80,
        82
      ]
    },
    "_YCConsole/Atari7800YC_20221230.rbf": {
      "hash": "7adbdd75a6039da4408824d511280c94",
      "size": 3722000,
      "tags": [
        28,
        90,
        91
      ]
    },
    "_YCConsole/N64YCBeta_20240301.rbf": {
      "hash": "954314bfc43befb99fab4c88f3100605",
      "size": 3827180,
      "tags": [
        28,
        90,
        92
      ]
    },
    "_YCConsole/Odyssey2YC_20220619.rbf": {
      "hash": "e4a2e9c809fdc0aa20ed7af8aa176d96",
      "size": 2842600,
      "tags": [
        28,
        90,
        93
      ]
    },
    "_YCConsole/PSX2XYC_20230114.rbf": {
      "hash": "30def6980fce83bb3482237b5023ad0b",
      "size": 4512124,
      "tags": [
        28,
        90,
        94
      ]
    },
    "_YCConsole/___YC transitioning/Moving to Main Repo.txt": {
      "hash": "d41d8cd98f00b204e9800998ecf8427e",
      "size": 0,
      "tags": [
        90
      ]
    },
    "_YCConsole/__to main cores/Moving to Main Repo.txt": {
      "hash": "d41d8cd98f00b204e9800998ecf8427e",
      "size": 0,
      "tags": [
        90
      ]
    }
  },
  "folders": {
    "_YCArcade": {
      "tags": [
        16
      ]
    },
    "_YCArcade/_alternatives": {
      "tags": [
        16,
        19
      ]
    },
    "_YCArcade/_alternatives/_Zero Wing": {
      "tags": [
        16,
        19
      ]
    },
    "_YCArcade/cores": {
      "tags": [
        16,
        28
      ]
    },
    "_YCComputer": {
      "tags": [
        80
      ]
    },
    "_YCConsole": {
      "tags": [
        90
      ]
    },
    "_YCConsole/___YC transitioning": {
      "tags": [
        90,
        95
      ]
    },
    "_YCConsole/__to main cores": {
      "tags": [
        90,
        96
      ]
    }
  },
  "tag_dictionary": {
    "alternatives": 19,
    "arcadearkanoid": 21,
    "arcadebakraid": 23,
    "arcadebatrider": 22,
    "arcadebosconian": 26,
    "arcadecave": 67,
    "arcadecomputerspace": 27,
    "arcadeexerion": 68,
    "arcadefinalizer": 69,
    "arcadegaregga": 24,
    "arcadegyruss": 72,
    "arcadeironhorse": 73,
    "arcadejackal": 74,
    "arcadejailbreak": 75,
    "arcadejtninja": 25,
    "arcadejts16b": 70,
    "arcadejttrack": 79,
    "arcademoonpatrol": 76,
    "arcadeperforman": 20,
    "arcadetecmo": 71,
    "arcadetimepilot": 78,
    "arcadetimepilot84": 77,
    "arcadetoaplan1": 18,
    "arkanoid": 29,
    "atari7800yc": 91,
    "bakraid": 30,
    "batrider": 31,
    "bosconian": 32,
    "casiopv2000yc": 81,
    "cave": 33,
    "computerspace": 34,
    "cores": 28,
    "eg2000yc": 82,
    "exerion": 35,
    "finalizer": 36,
    "galivan": 37,
    "garegga": 38,
    "gyruss": 39,
    "interactyc": 83,
    "ironhorse": 40,
    "jackal": 41,
    "jailbreak": 42,
    "jtbtiger": 43,
    "jtflane": 44,
    "jtkicker": 45,
    "jtkunio": 46,
    "jtlabrun": 47,
    "jtmx5k": 48,
    "jtninja": 49,
    "jts16": 50,
    "jts16b": 51,
    "jtsbaskt": 52,
    "jtsectionz": 53,
    "jtsf": 54,
    "jtslyspy": 55,
    "jttora": 56,
    "jttrack": 57,
    "jttrojan": 58,
    "jtvigil": 59,
    "jtvulgus": 60,
    "moonpatrol": 61,
    "mra": 17,
    "msx1yc": 84,
    "n64ycbeta": 92,
    "odyssey2yc": 93,
    "ondraspo186yc": 85,
    "pcxtyc": 86,
    "psx2xyc": 94,
    "sordm5yc": 87,
    "tatungeinsteinyc": 88,
    "tecmo": 62,
    "ti994ayc": 89,
    "timepilot": 64,
    "timepilot84": 63,
    "tmnt": 65,
    "toaplan1": 66,
    "tomaincores": 96,
    "ycarcade": 16,
    "yccomputer": 80,
    "ycconsole": 90,
    "yctransitioning": 95
  },
  "timestamp": 1709396936
}